"phase","tier","family","design_case_id","analysis_case_id","chunk_id","replicate_start","replicate_end","seed"
"generate_design","short","z","z-dpoint-0-usd1-short",NA,1,1,1000,21261004
"generate_design","short","z","z-dpoint-0-usd1-short",NA,2,1001,2000,22261007
"generate_design","short","z","z-dpoint-0-usd1-short",NA,3,2001,3000,23261010
"generate_design","short","z","z-dpoint-0-usd1-short",NA,4,3001,4000,24261013
"generate_design","short","z","z-dpoint-0-usd1-short",NA,5,4001,5000,25261016
"generate_design","short","z","z-dpoint-0-usd1-short",NA,6,5001,6000,26261019
"generate_design","short","z","z-dpoint-0-usd1-short",NA,7,6001,7000,27261022
"generate_design","short","z","z-dpoint-0-usd1-short",NA,8,7001,8000,28261025
"generate_design","short","z","z-dpoint-0-usd1-short",NA,9,8001,9000,29261028
"generate_design","short","z","z-dpoint-0-usd1-short",NA,10,9001,10000,30261031
"generate_design","short","z","z-dpoint-0p2-usd1-short",NA,1,1,1000,21261005
"generate_design","short","z","z-dpoint-0p2-usd1-short",NA,2,1001,2000,22261008
"generate_design","short","z","z-dpoint-0p2-usd1-short",NA,3,2001,3000,23261011
"generate_design","short","z","z-dpoint-0p2-usd1-short",NA,4,3001,4000,24261014
"generate_design","short","z","z-dpoint-0p2-usd1-short",NA,5,4001,5000,25261017
"generate_design","short","z","z-dpoint-0p2-usd1-short",NA,6,5001,6000,26261020
"generate_design","short","z","z-dpoint-0p2-usd1-short",NA,7,6001,7000,27261023
"generate_design","short","z","z-dpoint-0p2-usd1-short",NA,8,7001,8000,28261026
"generate_design","short","z","z-dpoint-0p2-usd1-short",NA,9,8001,9000,29261029
"generate_design","short","z","z-dpoint-0p2-usd1-short",NA,10,9001,10000,30261032
"generate_design","short","z","z-dpoint-0p5-usd1-short",NA,1,1,1000,21261006
"generate_design","short","z","z-dpoint-0p5-usd1-short",NA,2,1001,2000,22261009
"generate_design","short","z","z-dpoint-0p5-usd1-short",NA,3,2001,3000,23261012
"generate_design","short","z","z-dpoint-0p5-usd1-short",NA,4,3001,4000,24261015
"generate_design","short","z","z-dpoint-0p5-usd1-short",NA,5,4001,5000,25261018
"generate_design","short","z","z-dpoint-0p5-usd1-short",NA,6,5001,6000,26261021
"generate_design","short","z","z-dpoint-0p5-usd1-short",NA,7,6001,7000,27261024
"generate_design","short","z","z-dpoint-0p5-usd1-short",NA,8,7001,8000,28261027
"generate_design","short","z","z-dpoint-0p5-usd1-short",NA,9,8001,9000,29261030
"generate_design","short","z","z-dpoint-0p5-usd1-short",NA,10,9001,10000,30261033
"generate_design","short","z","z-dnorm-0p5-s0p1-usd1-short",NA,1,1,1000,21261007
"generate_design","short","z","z-dnorm-0p5-s0p1-usd1-short",NA,2,1001,2000,22261010
"generate_design","short","z","z-dnorm-0p5-s0p1-usd1-short",NA,3,2001,3000,23261013
"generate_design","short","z","z-dnorm-0p5-s0p1-usd1-short",NA,4,3001,4000,24261016
"generate_design","short","z","z-dnorm-0p5-s0p1-usd1-short",NA,5,4001,5000,25261019
"generate_design","short","z","z-dnorm-0p5-s0p1-usd1-short",NA,6,5001,6000,26261022
"generate_design","short","z","z-dnorm-0p5-s0p1-usd1-short",NA,7,6001,7000,27261025
"generate_design","short","z","z-dnorm-0p5-s0p1-usd1-short",NA,8,7001,8000,28261028
"generate_design","short","z","z-dnorm-0p5-s0p1-usd1-short",NA,9,8001,9000,29261031
"generate_design","short","z","z-dnorm-0p5-s0p1-usd1-short",NA,10,9001,10000,30261034
"generate_design","short","z","z-dnorm-0p2-s0p3-usd1-short",NA,1,1,1000,21261008
"generate_design","short","z","z-dnorm-0p2-s0p3-usd1-short",NA,2,1001,2000,22261011
"generate_design","short","z","z-dnorm-0p2-s0p3-usd1-short",NA,3,2001,3000,23261014
"generate_design","short","z","z-dnorm-0p2-s0p3-usd1-short",NA,4,3001,4000,24261017
"generate_design","short","z","z-dnorm-0p2-s0p3-usd1-short",NA,5,4001,5000,25261020
"generate_design","short","z","z-dnorm-0p2-s0p3-usd1-short",NA,6,5001,6000,26261023
"generate_design","short","z","z-dnorm-0p2-s0p3-usd1-short",NA,7,6001,7000,27261026
"generate_design","short","z","z-dnorm-0p2-s0p3-usd1-short",NA,8,7001,8000,28261029
"generate_design","short","z","z-dnorm-0p2-s0p3-usd1-short",NA,9,8001,9000,29261032
"generate_design","short","z","z-dnorm-0p2-s0p3-usd1-short",NA,10,9001,10000,30261035
"generate_design","short","z","z-dnorm-0p2-s0p5-usd1-short",NA,1,1,1000,21261009
"generate_design","short","z","z-dnorm-0p2-s0p5-usd1-short",NA,2,1001,2000,22261012
"generate_design","short","z","z-dnorm-0p2-s0p5-usd1-short",NA,3,2001,3000,23261015
"generate_design","short","z","z-dnorm-0p2-s0p5-usd1-short",NA,4,3001,4000,24261018
"generate_design","short","z","z-dnorm-0p2-s0p5-usd1-short",NA,5,4001,5000,25261021
"generate_design","short","z","z-dnorm-0p2-s0p5-usd1-short",NA,6,5001,6000,26261024
"generate_design","short","z","z-dnorm-0p2-s0p5-usd1-short",NA,7,6001,7000,27261027
"generate_design","short","z","z-dnorm-0p2-s0p5-usd1-short",NA,8,7001,8000,28261030
"generate_design","short","z","z-dnorm-0p2-s0p5-usd1-short",NA,9,8001,9000,29261033
"generate_design","short","z","z-dnorm-0p2-s0p5-usd1-short",NA,10,9001,10000,30261036
"generate_design","adversarial","z","z-dnorm-0-s0p5-usd1-short",NA,1,1,1000,21261010
"generate_design","adversarial","z","z-dnorm-0-s0p5-usd1-short",NA,2,1001,2000,22261013
"generate_design","adversarial","z","z-dnorm-0-s0p5-usd1-short",NA,3,2001,3000,23261016
"generate_design","adversarial","z","z-dnorm-0-s0p5-usd1-short",NA,4,3001,4000,24261019
"generate_design","adversarial","z","z-dnorm-0-s0p5-usd1-short",NA,5,4001,5000,25261022
"generate_design","adversarial","z","z-dnorm-0-s0p5-usd1-short",NA,6,5001,6000,26261025
"generate_design","adversarial","z","z-dnorm-0-s0p5-usd1-short",NA,7,6001,7000,27261028
"generate_design","adversarial","z","z-dnorm-0-s0p5-usd1-short",NA,8,7001,8000,28261031
"generate_design","adversarial","z","z-dnorm-0-s0p5-usd1-short",NA,9,8001,9000,29261034
"generate_design","adversarial","z","z-dnorm-0-s0p5-usd1-short",NA,10,9001,10000,30261037
"generate_design","adversarial","z","z-dpoint-m0p3-usd1-short",NA,1,1,1000,21261011
"generate_design","adversarial","z","z-dpoint-m0p3-usd1-short",NA,2,1001,2000,22261014
"generate_design","adversarial","z","z-dpoint-m0p3-usd1-short",NA,3,2001,3000,23261017
"generate_design","adversarial","z","z-dpoint-m0p3-usd1-short",NA,4,3001,4000,24261020
"generate_design","adversarial","z","z-dpoint-m0p3-usd1-short",NA,5,4001,5000,25261023
"generate_design","adversarial","z","z-dpoint-m0p3-usd1-short",NA,6,5001,6000,26261026
"generate_design","adversarial","z","z-dpoint-m0p3-usd1-short",NA,7,6001,7000,27261029
"generate_design","adversarial","z","z-dpoint-m0p3-usd1-short",NA,8,7001,8000,28261032
"generate_design","adversarial","z","z-dpoint-m0p3-usd1-short",NA,9,8001,9000,29261035
"generate_design","adversarial","z","z-dpoint-m0p3-usd1-short",NA,10,9001,10000,30261038
"generate_design","adversarial","z","z-dpoint-0-usd50-short",NA,1,1,1000,21261012
"generate_design","adversarial","z","z-dpoint-0-usd50-short",NA,2,1001,2000,22261015
"generate_design","adversarial","z","z-dpoint-0-usd50-short",NA,3,2001,3000,23261018
"generate_design","adversarial","z","z-dpoint-0-usd50-short",NA,4,3001,4000,24261021
"generate_design","adversarial","z","z-dpoint-0-usd50-short",NA,5,4001,5000,25261024
"generate_design","adversarial","z","z-dpoint-0-usd50-short",NA,6,5001,6000,26261027
"generate_design","adversarial","z","z-dpoint-0-usd50-short",NA,7,6001,7000,27261030
"generate_design","adversarial","z","z-dpoint-0-usd50-short",NA,8,7001,8000,28261033
"generate_design","adversarial","z","z-dpoint-0-usd50-short",NA,9,8001,9000,29261036
"generate_design","adversarial","z","z-dpoint-0-usd50-short",NA,10,9001,10000,30261039
"generate_design","adversarial","z","z-dpoint-10-usd50-short",NA,1,1,1000,21261013
"generate_design","adversarial","z","z-dpoint-10-usd50-short",NA,2,1001,2000,22261016
"generate_design","adversarial","z","z-dpoint-10-usd50-short",NA,3,2001,3000,23261019
"generate_design","adversarial","z","z-dpoint-10-usd50-short",NA,4,3001,4000,24261022
"generate_design","adversarial","z","z-dpoint-10-usd50-short",NA,5,4001,5000,25261025
"generate_design","adversarial","z","z-dpoint-10-usd50-short",NA,6,5001,6000,26261028
"generate_design","adversarial","z","z-dpoint-10-usd50-short",NA,7,6001,7000,27261031
"generate_design","adversarial","z","z-dpoint-10-usd50-short",NA,8,7001,8000,28261034
"generate_design","adversarial","z","z-dpoint-10-usd50-short",NA,9,8001,9000,29261037
"generate_design","adversarial","z","z-dpoint-10-usd50-short",NA,10,9001,10000,30261040
"generate_design","adversarial","z","z-dnorm-10-s20-usd50-short",NA,1,1,1000,21261014
"generate_design","adversarial","z","z-dnorm-10-s20-usd50-short",NA,2,1001,2000,22261017
"generate_design","adversarial","z","z-dnorm-10-s20-usd50-short",NA,3,2001,3000,23261020
"generate_design","adversarial","z","z-dnorm-10-s20-usd50-short",NA,4,3001,4000,24261023
"generate_design","adversarial","z","z-dnorm-10-s20-usd50-short",NA,5,4001,5000,25261026
"generate_design","adversarial","z","z-dnorm-10-s20-usd50-short",NA,6,5001,6000,26261029
"generate_design","adversarial","z","z-dnorm-10-s20-usd50-short",NA,7,6001,7000,27261032
"generate_design","adversarial","z","z-dnorm-10-s20-usd50-short",NA,8,7001,8000,28261035
"generate_design","adversarial","z","z-dnorm-10-s20-usd50-short",NA,9,8001,9000,29261038
"generate_design","adversarial","z","z-dnorm-10-s20-usd50-short",NA,10,9001,10000,30261041
"generate_design","long","z","z-dpoint-0-usd1-long",NA,1,1,1000,21261015
"generate_design","long","z","z-dpoint-0-usd1-long",NA,2,1001,2000,22261018
"generate_design","long","z","z-dpoint-0-usd1-long",NA,3,2001,3000,23261021
"generate_design","long","z","z-dpoint-0-usd1-long",NA,4,3001,4000,24261024
"generate_design","long","z","z-dpoint-0-usd1-long",NA,5,4001,5000,25261027
"generate_design","long","z","z-dpoint-0-usd1-long",NA,6,5001,6000,26261030
"generate_design","long","z","z-dpoint-0-usd1-long",NA,7,6001,7000,27261033
"generate_design","long","z","z-dpoint-0-usd1-long",NA,8,7001,8000,28261036
"generate_design","long","z","z-dpoint-0-usd1-long",NA,9,8001,9000,29261039
"generate_design","long","z","z-dpoint-0-usd1-long",NA,10,9001,10000,30261042
"generate_design","long","z","z-dpoint-0p2-usd1-long",NA,1,1,1000,21261016
"generate_design","long","z","z-dpoint-0p2-usd1-long",NA,2,1001,2000,22261019
"generate_design","long","z","z-dpoint-0p2-usd1-long",NA,3,2001,3000,23261022
"generate_design","long","z","z-dpoint-0p2-usd1-long",NA,4,3001,4000,24261025
"generate_design","long","z","z-dpoint-0p2-usd1-long",NA,5,4001,5000,25261028
"generate_design","long","z","z-dpoint-0p2-usd1-long",NA,6,5001,6000,26261031
"generate_design","long","z","z-dpoint-0p2-usd1-long",NA,7,6001,7000,27261034
"generate_design","long","z","z-dpoint-0p2-usd1-long",NA,8,7001,8000,28261037
"generate_design","long","z","z-dpoint-0p2-usd1-long",NA,9,8001,9000,29261040
"generate_design","long","z","z-dpoint-0p2-usd1-long",NA,10,9001,10000,30261043
"generate_design","long","z","z-dnorm-0p2-s0p1-usd1-long",NA,1,1,1000,21261017
"generate_design","long","z","z-dnorm-0p2-s0p1-usd1-long",NA,2,1001,2000,22261020
"generate_design","long","z","z-dnorm-0p2-s0p1-usd1-long",NA,3,2001,3000,23261023
"generate_design","long","z","z-dnorm-0p2-s0p1-usd1-long",NA,4,3001,4000,24261026
"generate_design","long","z","z-dnorm-0p2-s0p1-usd1-long",NA,5,4001,5000,25261029
"generate_design","long","z","z-dnorm-0p2-s0p1-usd1-long",NA,6,5001,6000,26261032
"generate_design","long","z","z-dnorm-0p2-s0p1-usd1-long",NA,7,6001,7000,27261035
"generate_design","long","z","z-dnorm-0p2-s0p1-usd1-long",NA,8,7001,8000,28261038
"generate_design","long","z","z-dnorm-0p2-s0p1-usd1-long",NA,9,8001,9000,29261041
"generate_design","long","z","z-dnorm-0p2-s0p1-usd1-long",NA,10,9001,10000,30261044
"generate_design","long","z","z-dnorm-0p2-s0p5-usd1-long",NA,1,1,1000,21261018
"generate_design","long","z","z-dnorm-0p2-s0p5-usd1-long",NA,2,1001,2000,22261021
"generate_design","long","z","z-dnorm-0p2-s0p5-usd1-long",NA,3,2001,3000,23261024
"generate_design","long","z","z-dnorm-0p2-s0p5-usd1-long",NA,4,3001,4000,24261027
"generate_design","long","z","z-dnorm-0p2-s0p5-usd1-long",NA,5,4001,5000,25261030
"generate_design","long","z","z-dnorm-0p2-s0p5-usd1-long",NA,6,5001,6000,26261033
"generate_design","long","z","z-dnorm-0p2-s0p5-usd1-long",NA,7,6001,7000,27261036
"generate_design","long","z","z-dnorm-0p2-s0p5-usd1-long",NA,8,7001,8000,28261039
"generate_design","long","z","z-dnorm-0p2-s0p5-usd1-long",NA,9,8001,9000,29261042
"generate_design","long","z","z-dnorm-0p2-s0p5-usd1-long",NA,10,9001,10000,30261045
"generate_design","short","t","t-two-dpoint-0-short",NA,1,1,1000,21262004
"generate_design","short","t","t-two-dpoint-0-short",NA,2,1001,2000,22262007
"generate_design","short","t","t-two-dpoint-0-short",NA,3,2001,3000,23262010
"generate_design","short","t","t-two-dpoint-0-short",NA,4,3001,4000,24262013
"generate_design","short","t","t-two-dpoint-0-short",NA,5,4001,5000,25262016
"generate_design","short","t","t-two-dpoint-0-short",NA,6,5001,6000,26262019
"generate_design","short","t","t-two-dpoint-0-short",NA,7,6001,7000,27262022
"generate_design","short","t","t-two-dpoint-0-short",NA,8,7001,8000,28262025
"generate_design","short","t","t-two-dpoint-0-short",NA,9,8001,9000,29262028
"generate_design","short","t","t-two-dpoint-0-short",NA,10,9001,10000,30262031
"generate_design","short","t","t-two-dpoint-0p5-short",NA,1,1,1000,21262005
"generate_design","short","t","t-two-dpoint-0p5-short",NA,2,1001,2000,22262008
"generate_design","short","t","t-two-dpoint-0p5-short",NA,3,2001,3000,23262011
"generate_design","short","t","t-two-dpoint-0p5-short",NA,4,3001,4000,24262014
"generate_design","short","t","t-two-dpoint-0p5-short",NA,5,4001,5000,25262017
"generate_design","short","t","t-two-dpoint-0p5-short",NA,6,5001,6000,26262020
"generate_design","short","t","t-two-dpoint-0p5-short",NA,7,6001,7000,27262023
"generate_design","short","t","t-two-dpoint-0p5-short",NA,8,7001,8000,28262026
"generate_design","short","t","t-two-dpoint-0p5-short",NA,9,8001,9000,29262029
"generate_design","short","t","t-two-dpoint-0p5-short",NA,10,9001,10000,30262032
"generate_design","short","t","t-two-dnorm-0p5-s0p1-short",NA,1,1,1000,21262006
"generate_design","short","t","t-two-dnorm-0p5-s0p1-short",NA,2,1001,2000,22262009
"generate_design","short","t","t-two-dnorm-0p5-s0p1-short",NA,3,2001,3000,23262012
"generate_design","short","t","t-two-dnorm-0p5-s0p1-short",NA,4,3001,4000,24262015
"generate_design","short","t","t-two-dnorm-0p5-s0p1-short",NA,5,4001,5000,25262018
"generate_design","short","t","t-two-dnorm-0p5-s0p1-short",NA,6,5001,6000,26262021
"generate_design","short","t","t-two-dnorm-0p5-s0p1-short",NA,7,6001,7000,27262024
"generate_design","short","t","t-two-dnorm-0p5-s0p1-short",NA,8,7001,8000,28262027
"generate_design","short","t","t-two-dnorm-0p5-s0p1-short",NA,9,8001,9000,29262030
"generate_design","short","t","t-two-dnorm-0p5-s0p1-short",NA,10,9001,10000,30262033
"generate_design","short","t","t-two-dnorm-0p5-s0p5-short",NA,1,1,1000,21262007
"generate_design","short","t","t-two-dnorm-0p5-s0p5-short",NA,2,1001,2000,22262010
"generate_design","short","t","t-two-dnorm-0p5-s0p5-short",NA,3,2001,3000,23262013
"generate_design","short","t","t-two-dnorm-0p5-s0p5-short",NA,4,3001,4000,24262016
"generate_design","short","t","t-two-dnorm-0p5-s0p5-short",NA,5,4001,5000,25262019
"generate_design","short","t","t-two-dnorm-0p5-s0p5-short",NA,6,5001,6000,26262022
"generate_design","short","t","t-two-dnorm-0p5-s0p5-short",NA,7,6001,7000,27262025
"generate_design","short","t","t-two-dnorm-0p5-s0p5-short",NA,8,7001,8000,28262028
"generate_design","short","t","t-two-dnorm-0p5-s0p5-short",NA,9,8001,9000,29262031
"generate_design","short","t","t-two-dnorm-0p5-s0p5-short",NA,10,9001,10000,30262034
"generate_design","short","t","t-one-dpoint-0-short",NA,1,1,1000,21262008
"generate_design","short","t","t-one-dpoint-0-short",NA,2,1001,2000,22262011
"generate_design","short","t","t-one-dpoint-0-short",NA,3,2001,3000,23262014
"generate_design","short","t","t-one-dpoint-0-short",NA,4,3001,4000,24262017
"generate_design","short","t","t-one-dpoint-0-short",NA,5,4001,5000,25262020
"generate_design","short","t","t-one-dpoint-0-short",NA,6,5001,6000,26262023
"generate_design","short","t","t-one-dpoint-0-short",NA,7,6001,7000,27262026
"generate_design","short","t","t-one-dpoint-0-short",NA,8,7001,8000,28262029
"generate_design","short","t","t-one-dpoint-0-short",NA,9,8001,9000,29262032
"generate_design","short","t","t-one-dpoint-0-short",NA,10,9001,10000,30262035
"generate_design","short","t","t-one-dpoint-0p5-short",NA,1,1,1000,21262009
"generate_design","short","t","t-one-dpoint-0p5-short",NA,2,1001,2000,22262012
"generate_design","short","t","t-one-dpoint-0p5-short",NA,3,2001,3000,23262015
"generate_design","short","t","t-one-dpoint-0p5-short",NA,4,3001,4000,24262018
"generate_design","short","t","t-one-dpoint-0p5-short",NA,5,4001,5000,25262021
"generate_design","short","t","t-one-dpoint-0p5-short",NA,6,5001,6000,26262024
"generate_design","short","t","t-one-dpoint-0p5-short",NA,7,6001,7000,27262027
"generate_design","short","t","t-one-dpoint-0p5-short",NA,8,7001,8000,28262030
"generate_design","short","t","t-one-dpoint-0p5-short",NA,9,8001,9000,29262033
"generate_design","short","t","t-one-dpoint-0p5-short",NA,10,9001,10000,30262036
"generate_design","short","t","t-paired-dpoint-0-short",NA,1,1,1000,21262010
"generate_design","short","t","t-paired-dpoint-0-short",NA,2,1001,2000,22262013
"generate_design","short","t","t-paired-dpoint-0-short",NA,3,2001,3000,23262016
"generate_design","short","t","t-paired-dpoint-0-short",NA,4,3001,4000,24262019
"generate_design","short","t","t-paired-dpoint-0-short",NA,5,4001,5000,25262022
"generate_design","short","t","t-paired-dpoint-0-short",NA,6,5001,6000,26262025
"generate_design","short","t","t-paired-dpoint-0-short",NA,7,6001,7000,27262028
"generate_design","short","t","t-paired-dpoint-0-short",NA,8,7001,8000,28262031
"generate_design","short","t","t-paired-dpoint-0-short",NA,9,8001,9000,29262034
"generate_design","short","t","t-paired-dpoint-0-short",NA,10,9001,10000,30262037
"generate_design","short","t","t-paired-dpoint-0p5-short",NA,1,1,1000,21262011
"generate_design","short","t","t-paired-dpoint-0p5-short",NA,2,1001,2000,22262014
"generate_design","short","t","t-paired-dpoint-0p5-short",NA,3,2001,3000,23262017
"generate_design","short","t","t-paired-dpoint-0p5-short",NA,4,3001,4000,24262020
"generate_design","short","t","t-paired-dpoint-0p5-short",NA,5,4001,5000,25262023
"generate_design","short","t","t-paired-dpoint-0p5-short",NA,6,5001,6000,26262026
"generate_design","short","t","t-paired-dpoint-0p5-short",NA,7,6001,7000,27262029
"generate_design","short","t","t-paired-dpoint-0p5-short",NA,8,7001,8000,28262032
"generate_design","short","t","t-paired-dpoint-0p5-short",NA,9,8001,9000,29262035
"generate_design","short","t","t-paired-dpoint-0p5-short",NA,10,9001,10000,30262038
"generate_design","adversarial","t","t-two-dpoint-m0p4-short",NA,1,1,1000,21262012
"generate_design","adversarial","t","t-two-dpoint-m0p4-short",NA,2,1001,2000,22262015
"generate_design","adversarial","t","t-two-dpoint-m0p4-short",NA,3,2001,3000,23262018
"generate_design","adversarial","t","t-two-dpoint-m0p4-short",NA,4,3001,4000,24262021
"generate_design","adversarial","t","t-two-dpoint-m0p4-short",NA,5,4001,5000,25262024
"generate_design","adversarial","t","t-two-dpoint-m0p4-short",NA,6,5001,6000,26262027
"generate_design","adversarial","t","t-two-dpoint-m0p4-short",NA,7,6001,7000,27262030
"generate_design","adversarial","t","t-two-dpoint-m0p4-short",NA,8,7001,8000,28262033
"generate_design","adversarial","t","t-two-dpoint-m0p4-short",NA,9,8001,9000,29262036
"generate_design","adversarial","t","t-two-dpoint-m0p4-short",NA,10,9001,10000,30262039
"generate_design","adversarial","t","t-two-dpoint-0-n2x1p1-short",NA,1,1,1000,21262013
"generate_design","adversarial","t","t-two-dpoint-0-n2x1p1-short",NA,2,1001,2000,22262016
"generate_design","adversarial","t","t-two-dpoint-0-n2x1p1-short",NA,3,2001,3000,23262019
"generate_design","adversarial","t","t-two-dpoint-0-n2x1p1-short",NA,4,3001,4000,24262022
"generate_design","adversarial","t","t-two-dpoint-0-n2x1p1-short",NA,5,4001,5000,25262025
"generate_design","adversarial","t","t-two-dpoint-0-n2x1p1-short",NA,6,5001,6000,26262028
"generate_design","adversarial","t","t-two-dpoint-0-n2x1p1-short",NA,7,6001,7000,27262031
"generate_design","adversarial","t","t-two-dpoint-0-n2x1p1-short",NA,8,7001,8000,28262034
"generate_design","adversarial","t","t-two-dpoint-0-n2x1p1-short",NA,9,8001,9000,29262037
"generate_design","adversarial","t","t-two-dpoint-0-n2x1p1-short",NA,10,9001,10000,30262040
"generate_design","adversarial","t","t-two-dpoint-0p35-n2x1p1-short",NA,1,1,1000,21262014
"generate_design","adversarial","t","t-two-dpoint-0p35-n2x1p1-short",NA,2,1001,2000,22262017
"generate_design","adversarial","t","t-two-dpoint-0p35-n2x1p1-short",NA,3,2001,3000,23262020
"generate_design","adversarial","t","t-two-dpoint-0p35-n2x1p1-short",NA,4,3001,4000,24262023
"generate_design","adversarial","t","t-two-dpoint-0p35-n2x1p1-short",NA,5,4001,5000,25262026
"generate_design","adversarial","t","t-two-dpoint-0p35-n2x1p1-short",NA,6,5001,6000,26262029
"generate_design","adversarial","t","t-two-dpoint-0p35-n2x1p1-short",NA,7,6001,7000,27262032
"generate_design","adversarial","t","t-two-dpoint-0p35-n2x1p1-short",NA,8,7001,8000,28262035
"generate_design","adversarial","t","t-two-dpoint-0p35-n2x1p1-short",NA,9,8001,9000,29262038
"generate_design","adversarial","t","t-two-dpoint-0p35-n2x1p1-short",NA,10,9001,10000,30262041
"generate_design","adversarial","t","t-two-dnorm-0-s0p5-short",NA,1,1,1000,21262015
"generate_design","adversarial","t","t-two-dnorm-0-s0p5-short",NA,2,1001,2000,22262018
"generate_design","adversarial","t","t-two-dnorm-0-s0p5-short",NA,3,2001,3000,23262021
"generate_design","adversarial","t","t-two-dnorm-0-s0p5-short",NA,4,3001,4000,24262024
"generate_design","adversarial","t","t-two-dnorm-0-s0p5-short",NA,5,4001,5000,25262027
"generate_design","adversarial","t","t-two-dnorm-0-s0p5-short",NA,6,5001,6000,26262030
"generate_design","adversarial","t","t-two-dnorm-0-s0p5-short",NA,7,6001,7000,27262033
"generate_design","adversarial","t","t-two-dnorm-0-s0p5-short",NA,8,7001,8000,28262036
"generate_design","adversarial","t","t-two-dnorm-0-s0p5-short",NA,9,8001,9000,29262039
"generate_design","adversarial","t","t-two-dnorm-0-s0p5-short",NA,10,9001,10000,30262042
"generate_design","long","t","t-two-dpoint-0-long",NA,1,1,1000,21262016
"generate_design","long","t","t-two-dpoint-0-long",NA,2,1001,2000,22262019
"generate_design","long","t","t-two-dpoint-0-long",NA,3,2001,3000,23262022
"generate_design","long","t","t-two-dpoint-0-long",NA,4,3001,4000,24262025
"generate_design","long","t","t-two-dpoint-0-long",NA,5,4001,5000,25262028
"generate_design","long","t","t-two-dpoint-0-long",NA,6,5001,6000,26262031
"generate_design","long","t","t-two-dpoint-0-long",NA,7,6001,7000,27262034
"generate_design","long","t","t-two-dpoint-0-long",NA,8,7001,8000,28262037
"generate_design","long","t","t-two-dpoint-0-long",NA,9,8001,9000,29262040
"generate_design","long","t","t-two-dpoint-0-long",NA,10,9001,10000,30262043
"generate_design","long","t","t-two-dpoint-0p2-long",NA,1,1,1000,21262017
"generate_design","long","t","t-two-dpoint-0p2-long",NA,2,1001,2000,22262020
"generate_design","long","t","t-two-dpoint-0p2-long",NA,3,2001,3000,23262023
"generate_design","long","t","t-two-dpoint-0p2-long",NA,4,3001,4000,24262026
"generate_design","long","t","t-two-dpoint-0p2-long",NA,5,4001,5000,25262029
"generate_design","long","t","t-two-dpoint-0p2-long",NA,6,5001,6000,26262032
"generate_design","long","t","t-two-dpoint-0p2-long",NA,7,6001,7000,27262035
"generate_design","long","t","t-two-dpoint-0p2-long",NA,8,7001,8000,28262038
"generate_design","long","t","t-two-dpoint-0p2-long",NA,9,8001,9000,29262041
"generate_design","long","t","t-two-dpoint-0p2-long",NA,10,9001,10000,30262044
"generate_design","long","t","t-two-dnorm-0p2-s0p1-long",NA,1,1,1000,21262018
"generate_design","long","t","t-two-dnorm-0p2-s0p1-long",NA,2,1001,2000,22262021
"generate_design","long","t","t-two-dnorm-0p2-s0p1-long",NA,3,2001,3000,23262024
"generate_design","long","t","t-two-dnorm-0p2-s0p1-long",NA,4,3001,4000,24262027
"generate_design","long","t","t-two-dnorm-0p2-s0p1-long",NA,5,4001,5000,25262030
"generate_design","long","t","t-two-dnorm-0p2-s0p1-long",NA,6,5001,6000,26262033
"generate_design","long","t","t-two-dnorm-0p2-s0p1-long",NA,7,6001,7000,27262036
"generate_design","long","t","t-two-dnorm-0p2-s0p1-long",NA,8,7001,8000,28262039
"generate_design","long","t","t-two-dnorm-0p2-s0p1-long",NA,9,8001,9000,29262042
"generate_design","long","t","t-two-dnorm-0p2-s0p1-long",NA,10,9001,10000,30262045
"generate_design","long","t","t-two-dnorm-0p2-s0p5-long",NA,1,1,1000,21262019
"generate_design","long","t","t-two-dnorm-0p2-s0p5-long",NA,2,1001,2000,22262022
"generate_design","long","t","t-two-dnorm-0p2-s0p5-long",NA,3,2001,3000,23262025
"generate_design","long","t","t-two-dnorm-0p2-s0p5-long",NA,4,3001,4000,24262028
"generate_design","long","t","t-two-dnorm-0p2-s0p5-long",NA,5,4001,5000,25262031
"generate_design","long","t","t-two-dnorm-0p2-s0p5-long",NA,6,5001,6000,26262034
"generate_design","long","t","t-two-dnorm-0p2-s0p5-long",NA,7,6001,7000,27262037
"generate_design","long","t","t-two-dnorm-0p2-s0p5-long",NA,8,7001,8000,28262040
"generate_design","long","t","t-two-dnorm-0p2-s0p5-long",NA,9,8001,9000,29262043
"generate_design","long","t","t-two-dnorm-0p2-s0p5-long",NA,10,9001,10000,30262046
"generate_design","short","binomial","binom-dpoint-0p5-short",NA,1,1,1000,21263004
"generate_design","short","binomial","binom-dpoint-0p5-short",NA,2,1001,2000,22263007
"generate_design","short","binomial","binom-dpoint-0p5-short",NA,3,2001,3000,23263010
"generate_design","short","binomial","binom-dpoint-0p5-short",NA,4,3001,4000,24263013
"generate_design","short","binomial","binom-dpoint-0p5-short",NA,5,4001,5000,25263016
"generate_design","short","binomial","binom-dpoint-0p5-short",NA,6,5001,6000,26263019
"generate_design","short","binomial","binom-dpoint-0p5-short",NA,7,6001,7000,27263022
"generate_design","short","binomial","binom-dpoint-0p5-short",NA,8,7001,8000,28263025
"generate_design","short","binomial","binom-dpoint-0p5-short",NA,9,8001,9000,29263028
"generate_design","short","binomial","binom-dpoint-0p5-short",NA,10,9001,10000,30263031
"generate_design","short","binomial","binom-dpoint-0p6-short",NA,1,1,1000,21263005
"generate_design","short","binomial","binom-dpoint-0p6-short",NA,2,1001,2000,22263008
"generate_design","short","binomial","binom-dpoint-0p6-short",NA,3,2001,3000,23263011
"generate_design","short","binomial","binom-dpoint-0p6-short",NA,4,3001,4000,24263014
"generate_design","short","binomial","binom-dpoint-0p6-short",NA,5,4001,5000,25263017
"generate_design","short","binomial","binom-dpoint-0p6-short",NA,6,5001,6000,26263020
"generate_design","short","binomial","binom-dpoint-0p6-short",NA,7,6001,7000,27263023
"generate_design","short","binomial","binom-dpoint-0p6-short",NA,8,7001,8000,28263026
"generate_design","short","binomial","binom-dpoint-0p6-short",NA,9,8001,9000,29263029
"generate_design","short","binomial","binom-dpoint-0p6-short",NA,10,9001,10000,30263032
"generate_design","short","binomial","binom-dpoint-0p2-short",NA,1,1,1000,21263006
"generate_design","short","binomial","binom-dpoint-0p2-short",NA,2,1001,2000,22263009
"generate_design","short","binomial","binom-dpoint-0p2-short",NA,3,2001,3000,23263012
"generate_design","short","binomial","binom-dpoint-0p2-short",NA,4,3001,4000,24263015
"generate_design","short","binomial","binom-dpoint-0p2-short",NA,5,4001,5000,25263018
"generate_design","short","binomial","binom-dpoint-0p2-short",NA,6,5001,6000,26263021
"generate_design","short","binomial","binom-dpoint-0p2-short",NA,7,6001,7000,27263024
"generate_design","short","binomial","binom-dpoint-0p2-short",NA,8,7001,8000,28263027
"generate_design","short","binomial","binom-dpoint-0p2-short",NA,9,8001,9000,29263030
"generate_design","short","binomial","binom-dpoint-0p2-short",NA,10,9001,10000,30263033
"generate_design","short","binomial","binom-dpoint-0p75-short",NA,1,1,1000,21263007
"generate_design","short","binomial","binom-dpoint-0p75-short",NA,2,1001,2000,22263010
"generate_design","short","binomial","binom-dpoint-0p75-short",NA,3,2001,3000,23263013
"generate_design","short","binomial","binom-dpoint-0p75-short",NA,4,3001,4000,24263016
"generate_design","short","binomial","binom-dpoint-0p75-short",NA,5,4001,5000,25263019
"generate_design","short","binomial","binom-dpoint-0p75-short",NA,6,5001,6000,26263022
"generate_design","short","binomial","binom-dpoint-0p75-short",NA,7,6001,7000,27263025
"generate_design","short","binomial","binom-dpoint-0p75-short",NA,8,7001,8000,28263028
"generate_design","short","binomial","binom-dpoint-0p75-short",NA,9,8001,9000,29263031
"generate_design","short","binomial","binom-dpoint-0p75-short",NA,10,9001,10000,30263034
"generate_design","short","binomial","binom-dbeta-60-40-short",NA,1,1,1000,21263008
"generate_design","short","binomial","binom-dbeta-60-40-short",NA,2,1001,2000,22263011
"generate_design","short","binomial","binom-dbeta-60-40-short",NA,3,2001,3000,23263014
"generate_design","short","binomial","binom-dbeta-60-40-short",NA,4,3001,4000,24263017
"generate_design","short","binomial","binom-dbeta-60-40-short",NA,5,4001,5000,25263020
"generate_design","short","binomial","binom-dbeta-60-40-short",NA,6,5001,6000,26263023
"generate_design","short","binomial","binom-dbeta-60-40-short",NA,7,6001,7000,27263026
"generate_design","short","binomial","binom-dbeta-60-40-short",NA,8,7001,8000,28263029
"generate_design","short","binomial","binom-dbeta-60-40-short",NA,9,8001,9000,29263032
"generate_design","short","binomial","binom-dbeta-60-40-short",NA,10,9001,10000,30263035
"generate_design","adversarial","binomial","binom-dbeta-1-1-h1gt0p5-short",NA,1,1,1000,21263009
"generate_design","adversarial","binomial","binom-dbeta-1-1-h1gt0p5-short",NA,2,1001,2000,22263012
"generate_design","adversarial","binomial","binom-dbeta-1-1-h1gt0p5-short",NA,3,2001,3000,23263015
"generate_design","adversarial","binomial","binom-dbeta-1-1-h1gt0p5-short",NA,4,3001,4000,24263018
"generate_design","adversarial","binomial","binom-dbeta-1-1-h1gt0p5-short",NA,5,4001,5000,25263021
"generate_design","adversarial","binomial","binom-dbeta-1-1-h1gt0p5-short",NA,6,5001,6000,26263024
"generate_design","adversarial","binomial","binom-dbeta-1-1-h1gt0p5-short",NA,7,6001,7000,27263027
"generate_design","adversarial","binomial","binom-dbeta-1-1-h1gt0p5-short",NA,8,7001,8000,28263030
"generate_design","adversarial","binomial","binom-dbeta-1-1-h1gt0p5-short",NA,9,8001,9000,29263033
"generate_design","adversarial","binomial","binom-dbeta-1-1-h1gt0p5-short",NA,10,9001,10000,30263036
"generate_design","adversarial","binomial","binom-dbeta-1-1-h0le0p5-short",NA,1,1,1000,21263010
"generate_design","adversarial","binomial","binom-dbeta-1-1-h0le0p5-short",NA,2,1001,2000,22263013
"generate_design","adversarial","binomial","binom-dbeta-1-1-h0le0p5-short",NA,3,2001,3000,23263016
"generate_design","adversarial","binomial","binom-dbeta-1-1-h0le0p5-short",NA,4,3001,4000,24263019
"generate_design","adversarial","binomial","binom-dbeta-1-1-h0le0p5-short",NA,5,4001,5000,25263022
"generate_design","adversarial","binomial","binom-dbeta-1-1-h0le0p5-short",NA,6,5001,6000,26263025
"generate_design","adversarial","binomial","binom-dbeta-1-1-h0le0p5-short",NA,7,6001,7000,27263028
"generate_design","adversarial","binomial","binom-dbeta-1-1-h0le0p5-short",NA,8,7001,8000,28263031
"generate_design","adversarial","binomial","binom-dbeta-1-1-h0le0p5-short",NA,9,8001,9000,29263034
"generate_design","adversarial","binomial","binom-dbeta-1-1-h0le0p5-short",NA,10,9001,10000,30263037
"generate_design","long","binomial","binom-dpoint-0p5-long",NA,1,1,1000,21263011
"generate_design","long","binomial","binom-dpoint-0p5-long",NA,2,1001,2000,22263014
"generate_design","long","binomial","binom-dpoint-0p5-long",NA,3,2001,3000,23263017
"generate_design","long","binomial","binom-dpoint-0p5-long",NA,4,3001,4000,24263020
"generate_design","long","binomial","binom-dpoint-0p5-long",NA,5,4001,5000,25263023
"generate_design","long","binomial","binom-dpoint-0p5-long",NA,6,5001,6000,26263026
"generate_design","long","binomial","binom-dpoint-0p5-long",NA,7,6001,7000,27263029
"generate_design","long","binomial","binom-dpoint-0p5-long",NA,8,7001,8000,28263032
"generate_design","long","binomial","binom-dpoint-0p5-long",NA,9,8001,9000,29263035
"generate_design","long","binomial","binom-dpoint-0p5-long",NA,10,9001,10000,30263038
"generate_design","long","binomial","binom-dpoint-0p55-long",NA,1,1,1000,21263012
"generate_design","long","binomial","binom-dpoint-0p55-long",NA,2,1001,2000,22263015
"generate_design","long","binomial","binom-dpoint-0p55-long",NA,3,2001,3000,23263018
"generate_design","long","binomial","binom-dpoint-0p55-long",NA,4,3001,4000,24263021
"generate_design","long","binomial","binom-dpoint-0p55-long",NA,5,4001,5000,25263024
"generate_design","long","binomial","binom-dpoint-0p55-long",NA,6,5001,6000,26263027
"generate_design","long","binomial","binom-dpoint-0p55-long",NA,7,6001,7000,27263030
"generate_design","long","binomial","binom-dpoint-0p55-long",NA,8,7001,8000,28263033
"generate_design","long","binomial","binom-dpoint-0p55-long",NA,9,8001,9000,29263036
"generate_design","long","binomial","binom-dpoint-0p55-long",NA,10,9001,10000,30263039
